{"cameraMode":{"drawMode":0,"name":"Shaded","section":"Shading Mode"},"sceneLighting":false,"audioPlay":false,"sceneViewState":{"showFog":true,"showMaterialUpdate":false,"showSkybox":true,"showFlares":true,"showImageEffects":true,"showParticleSystems":true},"in2DMode":false,"pivot":{"x":-15.400299072265625,"y":9.542994499206543,"z":12.908441543579102},"rotation":{"x":-0.09020909667015076,"y":0.9272986650466919,"z":-0.33032965660095217,"w":-0.16535374522209168},"size":3.913733720779419,"orthographic":false}