{"cameraMode":{"drawMode":0,"name":"Shaded","section":"Shading Mode"},"sceneLighting":false,"audioPlay":false,"sceneViewState":{"showFog":true,"showMaterialUpdate":false,"showSkybox":true,"showFlares":true,"showImageEffects":true,"showParticleSystems":true},"in2DMode":false,"pivot":{"x":12.267401695251465,"y":10.081242561340332,"z":-5.879350662231445},"rotation":{"x":-0.009275888092815876,"y":-0.6177486777305603,"z":-0.013443049043416977,"w":0.7887023091316223},"size":1.1002397537231446,"orthographic":false}