{"cameraMode":{"drawMode":0,"name":"Shaded","section":"Shading Mode"},"sceneLighting":false,"audioPlay":false,"sceneViewState":{"showFog":true,"showMaterialUpdate":false,"showSkybox":false,"showFlares":true,"showImageEffects":true,"showParticleSystems":true},"in2DMode":false,"pivot":{"x":8.296590805053711,"y":4.2683258056640629,"z":2.5378177165985109},"rotation":{"x":-0.006897563114762306,"y":0.9682653546333313,"z":-0.0027905781753361227,"w":0.2545483112335205},"size":2.7969765663146974,"orthographic":false}