{"cameraMode":{"drawMode":0,"name":"Shaded","section":"Shading Mode"},"sceneLighting":false,"audioPlay":false,"sceneViewState":{"showFog":true,"showMaterialUpdate":false,"showSkybox":true,"showFlares":true,"showImageEffects":true,"showParticleSystems":true},"in2DMode":false,"pivot":{"x":15.968667984008789,"y":6.518296718597412,"z":16.14806365966797},"rotation":{"x":-0.025818156078457834,"y":0.992385983467102,"z":0.040131550282239917,"w":-0.13202732801437379},"size":10.285125732421875,"orthographic":false}