{"cameraMode":{"drawMode":0,"name":"Shaded","section":"Shading Mode"},"sceneLighting":false,"audioPlay":false,"sceneViewState":{"showFog":true,"showMaterialUpdate":false,"showSkybox":false,"showFlares":true,"showImageEffects":true,"showParticleSystems":true},"in2DMode":false,"pivot":{"x":18.783893585205079,"y":7.965531349182129,"z":-22.22450828552246},"rotation":{"x":0.0010866675293073059,"y":0.9952443242073059,"z":-0.08644477277994156,"w":0.05952144414186478},"size":1.6820478439331055,"orthographic":false}